,IRUC,CodSector,Activos,Clave,Utility,ROA
0,00000009996,11,37.071421,061,1.014691,2.737124643805804
1,00000013896,11,19.322966,061,-4.309016,-22.2999719608263
2,00000010325,11,91.80166,061,-8.04101,-8.759111763338485
3,00000011609,11,17.440446,061,0.619705,3.5532634887892196
4,00000009959,11,344.273677,061,0.382301,0.1110456667298441
5,00000018491,11,45.529277,061,7.511712,16.49864108318698
6,00000015506,11,14.623984,061,2.078485,14.212850615810302
7,00000016850,11,48.071071,061,0.664912,1.3831853257440425
8,00000015459,11,277.888531,061,2.86804,1.0320828965769733
9,00000017271,11,120.943128,061,-19.658735,-16.25452832673552
10,00000009998,11,249.225576,061,9.188411,3.6867849389582714
11,00000017181,11,92.959374,061,0.49512,0.532619765705393
12,00000010074,11,366.121323,061,24.311868,6.640385706243064
13,00000010095,11,190.386347,061,22.011812,11.56165468104706
14,00000011129,11,20.463711,061,2.0137,9.840346162042653
15,00000010293,11,35.349147,061,3.673012,10.3906665696912
16,00000109966,11,55.121753,061,0.846137,1.5350328208901485
17,00000019291,11,24.094577,061,1.625923,6.7480869242900585
18,00000011265,11,134.836962,061,-0.20776,-0.15408237987444423
19,00000119435,11,16.543233,061,3.276361,19.80484104890501
20,00000017233,11,255.511717,061,61.517166,24.07606458219683
21,00000009887,11,1406.784112,061,49.196206,3.497068639057817
22,00000026155,11,30.298142,061,4.261619,14.06561168008256
23,00000021255,11,29.091451,061,-3.121021,-10.728309839203277
24,00000013379,11,249.300516,061,1.423742,0.5710946863824382
25,00000010472,11,28.259926,061,1.102593,3.9016131889375782
26,00000010562,11,218.994233,061,10.761256,4.9139449256638645
27,00000027289,11,118.062683,061,4.044793,3.4259707616504023
28,00000025562,11,67.656462,061,3.859619,5.704730761712015
29,00000021713,11,66.431508,061,1.450963,2.1841488228748327
30,00000011633,11,73.150859,061,3.533917,4.83099863529969
31,00000025329,11,72.837588,061,9.253951,12.704911370760932
32,00000011293,11,34.165387,061,2.017767,5.905880709034555
33,00000016404,11,40.560116,061,1.953968,4.817461567417608
34,00000019295,11,68.674782,061,4.399612,6.406444799489863
35,00000021701,11,50.262586,061,5.900063,11.738478796136754
36,00000010825,11,27.083734,061,3.056185,11.28420844777164
37,00000012199,11,49.036047,061,1.107089,2.2577044189553046
38,00000009842,11,172.660528,061,5.414064,3.135669780877769
39,00000024503,11,28.650716,061,0.505636,1.7648284950365638
40,00000010026,11,184.302858,061,-0.221865,-0.12038066170411749
41,00000009869,11,602.994308,061,23.205871,3.848439478138489
42,00000011368,11,16.913363,061,1.763678,10.427719194580048
43,00000011233,11,146.804671,061,10.613558,7.22971410085446
44,00000027314,11,49.924344,061,0.237406,0.4755315362781733
45,00000028728,11,117.337279,061,6.785914,5.783254953440671
46,00000010495,11,215.019399,061,9.535401,4.434670101556744
47,00000011204,11,417.132637,061,-4.526352,-1.0851109691520013
48,00000012000,11,79.185162,061,3.673882,4.639609122729331
49,00000009975,11,352.235134,061,14.776511,4.195070160150463
50,00000021393,11,12.803022,061,0.797594,6.229732324134099
51,00000009977,11,186.112344,061,7.304694,3.924884208647654
52,00000021639,11,112.741693,061,3.935063,3.4903352036766027
53,00000010066,11,13.3669,061,1.675063,12.531424638472647
54,00000010088,11,211.931132,061,-10.923013,-5.154038907318251
55,00000010288,11,36.587934,061,2.879087,7.868952097705217
56,00000010322,11,476.866786,061,-4.082976,-0.8562089287552102
57,00000018807,11,51.009212,061,2.15802,4.230647593615052
58,00000010265,11,29.547453,061,-0.265753,-0.8994108561573819
59,00000017905,11,157.174049,061,1.929553,1.22765368219279
60,00000010726,11,10.105308,061,2.067082,20.4554081874595
61,00000010313,11,68.42993,061,5.334048,7.794904948755612
62,00000015473,11,22.733402,061,0.374529,1.6474832935255355
63,00000018023,11,48.378361,061,1.077208,2.2266318612984843
64,00000012568,11,733.816097,061,29.492414,4.01904702289462
65,00000027464,11,103.008564,061,5.954246,5.780340749143926
66,00000014365,11,111.21294,061,2.733603,2.4579900504383754
67,00000018215,11,85.251143,061,17.18998,20.163929063097722
68,00000010470,11,11.598538,061,0.21691,1.8701494964279117
69,00000010618,11,16.212521,061,0.636748,3.9275076343771587
70,00000017880,11,82.55524,061,3.142634,3.8067044563131307
71,00000024778,11,1041.363047,061,26.857308,2.5790532972503293
72,00000021484,11,36.418034,061,3.579523,9.82898472773132
73,00000025024,11,22.358683,061,1.581314,7.07248275759355
74,00000025471,11,32.406031,061,0.392212,1.2103055755269754
75,00000025462,11,195.746089,061,4.090921,2.089911998190676
76,00000026036,11,225.173975,061,-17.555237,-7.796299283698305
77,00000010011,11,119.674498,061,1.609822,1.3451671215700443
78,00000010544,11,36.600943,061,3.74821,10.240747075833537
79,00000009861,11,44.347287,061,0.003479,0.007844899283241384
80,00000010356,11,264.268929,061,2.581513,0.9768507443415718
81,00000011296,11,10.116359,061,1.685234,16.658503321204794
82,00000010283,11,49.150714,061,1.309566,2.6643885580176923
83,00000011327,11,91.188467,061,2.701037,2.9620379515756086
84,00000015347,11,114.444444,061,13.153141,11.493035869875868
85,00000016388,11,25.293572,061,1.188326,4.6981343718475195
86,00000014618,11,32.470748,061,3.906456,12.030692979416427
87,00000015575,11,570.876902,061,60.075322,10.523340809469289
88,00000010302,11,423.118515,061,56.219728,13.286993125318567
89,00000011985,11,147.465604,061,45.803573,31.06051293154436
90,00000026226,11,126.818206,061,2.631325,2.0748795326753005
91,00000029068,11,351.749262,061,-19.499556,-5.5435954262215335
92,00000013386,11,73.843348,061,3.331582,4.5116887170392115
93,00000009940,11,310.159018,061,12.311413,3.96938740630137
94,00000016423,11,266.888677,061,10.644726,3.988451709399422
95,00000120909,11,10.332909,061,-0.766172,-7.41487223007577
96,00000009999,11,68.029409,061,6.939279,10.20041053127479
97,00000009872,11,38.52394,061,1.886015,4.895696026938054
98,00000010024,11,28.200528,061,1.61648,5.732091257298444
99,00000010337,11,565.256353,061,73.391915,12.98382841882009
100,00000010098,11,587.371947,061,13.589553,2.3136196867093486
101,00000027700,11,117.956096,061,4.438965,3.7632349242891183
102,00000013355,11,299.700409,061,12.846055,4.286298788467787
103,00000121195,11,52.727272,061,1.784696,3.3847683225485286
104,00000010795,11,238.607543,061,2.44554,1.0249214962998885
105,00000018708,11,1634.078511,061,141.060905,8.632443548485046
106,00000010604,11,67.55358,061,0.387591,0.5737534561454775
107,00000011294,11,8.40312,061,0.006726,0.08004169879758948
108,00000014263,11,22.747235,061,1.657563,7.28687684459232
109,00000021676,11,24.901654,061,-4.566345,-18.337516857313975
110,00000021509,11,18.210365,061,1.105623,6.071393956134323
111,00000026926,11,86.478114,061,-10.297974,-11.908185231699202
112,00000011661,11,43.710258,061,0.435418,0.9961460305267473
113,00000013080,11,306.864635,061,8.089007,2.636017995361375
114,00000011887,11,171.891542,061,-9.3603,-5.445468631609577
115,00000027664,11,174.52476,061,0.723822,0.4147388599760859
116,00000117495,11,5.95498,061,1.053686,17.694198805033768
117,00000021500,11,8.891311,061,0.224024,2.519583445006029
118,00000010299,11,26.289008,061,1.483328,5.642388636345654
119,00000025528,11,13.08601,061,0.007376,0.05636553846436003
120,00000025758,11,28.797382,061,4.232462,14.697384644201339
121,00000015279,11,426.313387,061,48.562859,11.39135210877157
122,00000023928,11,6.732899,061,1.066335,15.837680024607529
123,00000024963,11,21.364089,061,0.882595,4.131208215805504
124,00000026929,11,46.832575,061,4.257801,9.091537247311301
125,00000012987,11,48.889896,061,-3.234455,-6.615794396453616
126,00000009847,11,60.774909,061,3.032923,4.9904196483453385
127,00000010231,11,145.450046,061,21.433227,14.735799396034569
128,00000016420,11,61.92818,061,2.590432,4.182961617796615
129,00000025864,11,40.233069,061,2.700223,6.7114517164971925
130,00000028198,11,115.22505,061,5.229945,4.53889583905583
131,00000016885,11,410.856927,061,11.367023,2.7666621281037815
132,00000019274,11,2751.069498,061,93.782016,3.4089293661311935
133,00000016990,11,24.967337,061,3.011549,12.061955185689206
134,00000016448,11,11.980577,061,0.030394,0.2536939581457554
135,00000021366,11,8.08057,061,0.787323,9.743409190193267
136,00000011639,11,33.415835,061,0.065259,0.19529363848007986
137,00000025374,11,15.434821,061,0.800069,5.183532740677719
138,00000013807,11,8.00531,061,1.394666,17.421761305933188
139,00000032905,11,51.588034,061,5.21252,10.104126084742829
140,00000017854,11,29.113009,061,0.219948,0.7554973104978603
141,00000011663,11,19.963969,061,1.15465,5.783669569913679
142,00000024927,11,59.608552,061,14.194528,23.812905235476947
143,00000012099,11,39.220538,061,0.939367,2.3950895319182006
144,00000016229,11,163.664364,061,10.385791,6.345786429109271
145,00000026002,11,88.494498,061,1.218252,1.3766415173065336
146,00000017918,11,80.296563,061,2.55646,3.1837726354489164
147,00000047740,11,288.201266,061,2.351798,0.8160262557625269
148,00000009832,11,256.951022,061,-1.881546,-0.7322586169748723
149,00000009876,11,165.529273,061,21.683283,13.099364606041616
150,00000028776,11,8.438389,061,-2.330013,-27.61205960047587
151,00000010629,11,34.496516,061,0.913604,2.648394985742908
152,00000028823,11,18.97312,061,0.133669,0.7045177598623737
153,00000110733,11,13.72213,061,-0.395444,-2.8817975051978086
154,00000027415,11,20.076009,061,3.842083,19.137683191913293
155,00000015710,11,19.055017,061,0.703626,3.6926023209530587
156,00000145740,11,8.791473,061,-0.412903,-4.696630473641903
157,00000010055,11,104.761319,061,1.127038,1.0758150152729558
158,00000012990,11,14.723181,061,0.381495,2.5911180471122375
159,00000017034,11,18.885685,061,-0.15721,-0.8324294300153794
160,00000026893,11,44.984877,061,1.481955,3.294340451347683
161,00000030032,11,291.848589,061,15.585443,5.3402495634474345
162,00000019245,11,45.882453,061,2.083222,4.540345739579356
163,00000047746,11,46.935972,061,1.973548,4.204766442250307
164,00000021208,11,123.572969,061,1.32395,1.0713912684253786
165,00000028641,11,45.606449,061,-0.23479,-0.5148175425804363
166,00000143985,11,7.26167,061,0.332882,4.584097046547145
167,00000047749,11,13.458775,061,0.587469,4.364951490756031
168,00000010147,11,650.246505,061,9.943244,1.5291499336855336
169,00000024756,11,29.373787,061,3.240235,11.03104274569704
170,00000024997,11,172.277524,061,0.578353,0.3357100720811381
171,00000027940,11,19.274066,061,1.159151,6.014044986667577
172,00000009951,11,15.441743,061,0.209367,1.355850825907412
173,00000033545,11,503.542781,061,46.654249,9.265200646377652
174,00000047747,11,91.605322,061,-5.599057,-6.112152523190738
175,00000010033,11,8.814397,061,0.016526,0.18748871874048784
176,00000028223,11,32.696886,061,1.008888,3.08557824130408
177,00000017516,11,90.577434,061,15.622995,17.248219904308616
178,00000026846,11,31.712158,061,1.143357,3.60542161779088
179,00000027390,11,1839.221809,061,-24.643831,-1.3399053273187889
180,00000025088,11,26.499811,061,4.818314,18.18244665971391
181,00000120343,11,7.196131,061,1.265512,17.586005591059973
182,00000009980,11,43.293879,061,1.126919,2.6029522556756812
183,00000010841,11,28.338424,061,-2.110794,-7.448522895980384
184,00000028653,11,28.772773,061,0.376804,1.309585280501118
185,00000010038,11,189.827992,061,4.308654,2.2697674640102603
186,00000015365,11,12.927749,061,-0.069241,-0.5355998171065975
187,00000010291,11,57.061813,061,5.280127,9.253346016187743
188,00000110621,11,9.225456,061,-0.120186,-1.3027648714600124
189,00000010315,11,136.270133,061,10.459503,7.675565268583102
190,00000016131,11,340.941011,061,7.581764,2.223775889489575
191,00000047729,11,21.746604,061,1.399275,6.434452938031152
192,00000025561,11,9.099647,061,0.533098,5.858447036461964
193,00000011047,11,11.145412,061,0.037405,0.33560894832779625
194,00000010223,11,8581.819213,061,466.157664,5.431921279509712
195,00000010447,11,16.064639,061,2.143987,13.346001737107196
196,00000026602,11,18.287975,061,1.418307,7.755407583398381
197,00000025987,11,9.021015,061,0.232797,2.5806076145533514
198,00000048214,11,13.57165,061,0.03761,0.27712179432861883
199,00000028714,11,37.331878,061,1.657124,4.438898037757436
200,00000012090,11,12.317255,061,0.132634,1.0768145987072608
201,00000009870,11,222.203735,061,0.998945,0.4495626502407802
202,00000010238,11,202.10568,061,-7.683312,-3.80163090913625
203,00000016214,11,671.2117,061,35.168454,5.2395472248174455
204,00000017045,11,3.290791,061,0.325254,9.883763508530318
205,00000028225,11,67.972662,061,-0.30382,-0.44697381426668265
206,00000030417,11,5.304595,061,1.091191,20.570675046822615
207,00000015538,11,7811.421454,061,449.616213,5.7558821483094444
208,00000017765,11,3102.797426,061,127.897117,4.121993783038545
209,00000017328,11,15.112998,061,0.700456,4.634791852682042
210,00000010278,11,301.765238,061,16.879577,5.593612144285486
211,00000025166,11,19.796106,061,0.104578,0.5282756113752877
212,00000017911,11,11.963905,061,0.30833,2.5771685749761466
213,00000014047,11,26.357634,061,0.195951,0.7434316752406532
214,00000023898,11,128.631441,061,9.860951,7.66605032435266
215,00000024566,11,37.124539,061,2.06534,5.563274469212938
216,00000010936,11,53.236963,061,0.285216,0.5357480666205546
217,00000016897,11,899.638705,061,29.659984,3.2968772725268645
218,00000010064,11,92.91677,061,1.308218,1.407946057530842
219,00000009960,11,343.226908,061,-5.398127,-1.57275751818386
220,00000017466,11,12.839536,061,1.503365,11.708873280155919
221,00000010524,11,40.452446,061,0.674295,1.6668831348294735
222,00000011580,11,20.782077,061,-1.906847,-9.175439971664044
223,00000010468,11,61.630571,061,1.053954,1.7101155853318315
224,00000012402,11,80.628416,061,6.319019,7.8372108910089455
225,00000013865,11,84.541293,061,-2.004664,-2.37122467478703
226,00000014657,11,16.024562,061,0.148023,0.9237257155608994
227,00000025995,11,19.197957,061,0.701085,3.6518729571068422
228,00000010690,11,30.615582,061,0.477282,1.558951255605724
229,00000026590,11,5.005755,061,-0.014948,-0.2986162926471631
230,00000011177,11,20.909847,061,1.236047,5.911315372130652
231,00000015616,11,177.762047,061,11.959422,6.727770185949761
232,00000021672,11,46.145818,061,6.504543,14.095628340578989
233,00000145742,11,52.111448,061,12.086399,23.193366263781424
234,00000025772,11,8.874711,061,1.736574,19.567668175335516
235,00000010208,11,122.529151,061,4.180099,3.4115138853773668
236,00000138815,11,15.090122,061,-2.390834,-15.843702257675584
237,00000023340,11,240.264149,061,37.444942,15.584906094333698
238,00000010656,11,63.257711,061,2.428498,3.839054498826237
239,00000016297,11,84.16688,061,-0.676633,-0.803918358385151
240,00000016477,11,27.861844,061,3.078422,11.048881043192978
241,00000016884,11,2041.429848,061,116.560321,5.7097392356732115
242,00000011184,11,67.320719,061,3.547854,5.27007740365934
243,00000012943,11,128.446357,061,3.086749,2.4031425040727314
244,00000015589,11,144.743474,061,3.268998,2.258476952128426
245,00000027557,11,42.080617,061,0.301968,0.7175940409809106
246,00000011052,11,1090.70165,061,-26.340844,-2.415036595938037
247,00000032373,11,348.884957,061,-1.329861,-0.38117464605961787
248,00000018521,11,36.685656,061,1.525756,4.1589988195931396
249,00000014600,11,58.984115,061,-2.837121,-4.809974685557289
250,00000024992,11,13.042453,061,0.021453,0.16448592914231702
251,00000019373,11,17.905053,061,2.133048,11.91310631697097
252,00000021679,11,119.162937,061,14.650404,12.294430104555076
253,00000010005,11,72.142889,061,0.902555,1.251065784182832
254,00000015340,11,388.092647,061,10.188405,2.625250717517459
255,00000019635,11,20.641035,061,0.622101,3.0139040992857193
256,00000015478,11,13.569683,061,0.869722,6.409302265940922
257,00000024877,11,27.632622,061,0.211752,0.7663116442587316
258,00000010027,11,30.336855,061,2.603756,8.582814533675293
259,00000010037,11,843.078286,061,86.386482,10.246555205432013
260,00000116426,11,21.284543,061,0.88588,4.1620813752026535
261,00000033073,11,83.460536,061,4.557963,5.461219419918415
262,00000023784,11,40.785489,061,4.541409,11.13486465737851
263,00000029545,11,48.559689,061,2.016676,4.152983763961092
264,00000011594,11,11.069088,061,0.963525,8.704646670077967
265,00000015261,11,433.710153,061,25.980898,5.990382706120324
266,00000016854,11,13.249337,061,0.51557,3.8912890509162836
267,00000031943,11,9.464807,061,0.931794,9.844828320323911
268,00000017977,11,287.162217,061,6.131602,2.135239818126909
269,00000010432,11,527.375055,061,32.822678,6.223782806716181
270,00000010635,11,27.441461,061,0.170395,0.6209399710897316
271,00000013719,11,15.373855,061,0.743658,4.8371602307944235
272,00000011050,11,3329.293531,061,163.655989,4.915637130705133
273,00000012487,11,51.440142,061,-0.346229,-0.673071625657643
274,00000018350,11,246.867433,061,0.648009,0.2624927039282658
275,00000015669,11,8.78513,061,0.10016,1.140108342164544
276,00000016233,11,35.01458,061,0.824342,2.354282130472506
277,00000010010,11,170.897274,061,56.097829,32.825467420855404
278,00000011221,11,30.810645,061,-0.203812,-0.6614986476264939
279,00000123322,11,15.959563,061,0.646526,4.051025707909421
280,00000010715,11,15.123116,061,0.516427,3.4148187450258263
281,00000017849,11,58.026664,061,0.258994,0.44633618779118517
282,00000024833,11,6.940925,061,-0.555365,-8.001311064447462
283,00000120510,11,8.383062,061,-0.153707,-1.8335424454692093
284,00000025104,11,90.537049,061,-5.398222,-5.9624452747515555
285,00000027939,11,68.70209,061,0.163057,0.23733921340675374
286,00000027104,11,46.485063,061,1.616774,3.4780505729335034
287,00000010129,11,473.561445,061,84.194566,17.779016195036736
288,00000019249,11,8.39986,061,0.397576,4.73312650448936
289,00000026305,11,19.29041,061,3.459531,17.93394230604741
290,00000011257,11,17.929961,061,0.585869,3.2675419650940682
291,00000019170,11,11.824534,061,0.621726,5.2579323633388
292,00000016430,11,138.323742,061,6.648392,4.806399757461738
293,00000010046,11,16.151764,061,1.287381,7.970528791777791
294,00000026309,11,55.985475,061,1.666165,2.9760665601211738
295,00000109689,11,16.382378,061,0.766074,4.6762075688889615
296,00000002632,11,7.985886,061,1.856772,23.250669994537866
297,00000009891,11,25.91683,061,0.196494,0.7581714276012922
298,00000109591,11,3.593824,061,0.443192,12.332045197538887
299,00000025255,11,92.751985,061,3.203367,3.453691044994886
300,00000011176,11,9.85546,061,0.083192,0.8441209238330835
301,00000012890,11,30.988723,061,2.180495,7.036414504721606
302,00000027779,11,15.738406,061,0.72378,4.598813882422401
303,00000015715,11,103.176331,061,0.37286,0.3613813327011987
304,00000110718,11,165.696995,061,-0.848337,-0.5119809203540475
305,00000018037,11,82.85384,061,0.111354,0.13439811600765877
306,00000028029,11,13.195,061,0.547737,4.151095111784767
307,00000021699,11,332.83744,061,5.960281,1.7907483605209797
308,00000117974,11,13.834145,061,2.995843,21.655425759958423
309,00000023689,11,24.966446,061,1.242539,4.976835709816287
310,00000027090,11,5.977452,061,0.504835,8.44565543980947
311,00000011687,11,11.233404,061,1.285385,11.442524456522706
312,00000014705,11,70.071787,061,0.036437,0.05199953013899874
313,00000030074,11,8.127092,061,0.189398,2.3304522700124477
314,00000032175,11,285.936726,061,-2.732198,-0.9555253843117725
315,00000114725,11,7.875638,061,0.024966,0.3170028891627573
316,00000112760,11,5.760183,061,0.102359,1.7770095151490848
317,00000108615,11,5.449224,061,0.401984,7.3769035737932604
318,00000019219,11,586.964293,061,30.993095,5.280235164151629
319,00000010418,11,18.339585,061,0.132351,0.7216684565108753
320,00000011325,11,6.862367,061,0.091141,1.3281277436779468
321,00000015572,11,16.418366,061,0.784358,4.777320715106486
322,00000012301,11,10.992019,061,0.718301,6.53475034932163
323,00000027333,11,121.502793,061,0.988735,0.8137549562338044
324,00000024462,11,20.266671,061,2.680429,13.225798158957632
325,00000112709,11,31.327225,061,-4.448776,-14.200989714218224
326,00000010584,11,2.977736,061,0.170804,5.736035699605338
327,00000012292,11,11.372843,061,-0.489266,-4.302055343593506
328,00000010298,11,29.782333,061,-1.218643,-4.091831892417561
329,00000010957,11,105.152069,061,0.094784,0.09013992867796068
330,00000011893,11,259.974604,061,4.829952,1.8578553157446098
331,00000026485,11,348.514925,061,13.093565,3.7569596194481485
332,00000048332,11,14.816306,061,2.383313,16.085743639473968
333,00000015592,11,47.530621,061,2.558431,5.3827005542384985
334,00000010184,11,420.441129,061,11.592513,2.757226208475908
335,00000026267,11,12.84205,061,0.494809,3.8530374823334284
336,00000011432,11,28.600893,061,1.019368,3.5641124911729163
337,00000028878,11,19.182375,061,1.947095,10.150437576160408
338,00000014231,11,17.358427,061,5.163398,29.74577131902563
339,00000010867,11,8.805528,061,0.143494,1.629589957581192
340,00000010346,11,69.414234,061,6.553756,9.441515986476205
341,00000026746,11,23.419095,061,3.194907,13.642316238095454
342,00000026837,11,45.144805,061,1.301968,2.883981888946026
343,00000026979,11,10.449367,061,0.1834,1.755130238989596
344,00000027522,11,29.1905,061,1.48111,5.073945290419828
345,00000016454,11,25.908571,061,1.779438,6.86814413654848
346,00000011341,11,149.894717,061,1.017893,0.6790719648911975
347,00000014571,11,15.719343,061,1.643343,10.454272802622858
348,00000027088,11,23.292598,061,-0.396415,-1.701892592659694
349,00000011143,11,104.218509,061,-1.561857,-1.4986368688118539
350,00000013279,11,15.522026,061,1.355682,8.733924295707274
351,00000012994,11,20.985419,061,2.883216,13.739139542555714
352,00000014783,11,59.162032,061,3.23803,5.473155485937332
353,00000010770,11,7.3985,061,0.297733,4.024234642157194
354,00000011411,11,13.593428,061,1.288499,9.478837861943287
355,00000048399,11,8.29428,061,0.154636,1.8643691797238577
356,00000033099,11,10.928581,061,1.411741,12.917880189568983
357,00000021374,11,6.122308,061,0.297375,4.857236845973773
358,00000144824,11,4.134808,061,1.998035,48.322316296185946
359,00000048085,11,20.040491,061,0.568609,2.8373007427812023
360,00000030073,11,9.278648,061,0.959154,10.337217232510596
361,00000032598,11,3.944373,061,0.626043,15.871800156831009
362,00000011403,11,12.686813,061,3.074891,24.23690646342781
363,00000025353,11,12.201168,061,0.476696,3.9069702179332344
364,00000025981,11,9.759107,061,4.347103,44.54406535352056
365,00000012927,11,5.31384,061,0.365737,6.882725110278066
366,00000010416,11,34.022508,061,0.607551,1.7857325509336348
367,00000009892,11,124.725921,061,3.284584,2.6334413678131914
368,00000122451,11,4.096471,061,0.467875,11.421416140868565
369,00000024647,11,58.151726,061,-0.739789,-1.2721703221672218
370,00000027575,11,4.222092,061,0.073166,1.7329323946517508
371,00000010571,11,9.375426,061,0.51644,5.5084430296820655
372,00000015242,11,52.147175,061,1.544744,2.962277438806608
373,00000115208,11,9.042599,061,0.193944,2.14478160537695
374,00000121297,11,3.675562,061,0.468264,12.739929295166288
375,00000145793,11,6.355433,061,0.536838,8.446914631937746
376,00000019885,11,9.225643,061,0.045074,0.4885729916061136
377,00000010032,11,45.408401,061,0.660998,1.4556733675779512
378,00000010826,11,14.958984,061,0.008018,0.05359989689139317
379,00000023808,11,33.094955,061,3.091766,9.342106674567166
380,00000030405,11,6.413888,061,0.179676,2.8013585519422852
381,00000009994,11,114.56614,061,8.130488,7.096763493995695
382,00000109527,11,4.47378,061,0.245821,5.494704701616978
383,00000024782,11,36.662416,061,0.471981,1.2873701504014357
384,00000025874,11,25.827309,061,0.403259,1.5613666913575857
385,00000011468,11,4.222648,061,0.153503,3.6352307840956666
386,00000010727,11,25.403961,061,0.475867,1.873200010029932
387,00000014021,11,28.928088,061,0.938345,3.243715934492456
388,00000010490,11,12.777988,061,0.987113,7.725105079140785
389,00000019537,11,20.263541,061,0.107088,0.5284762421335935
390,00000033117,11,22.41271,061,1.012088,4.515687750388062
391,00000011453,11,6.478905,061,-1.078547,-16.647056871492943
392,00000010932,11,3.904385,061,0.734458,18.811105974436437
393,00000018032,11,58.490299,061,-8.481259,-14.500283200809077
394,00000013645,11,191.170511,061,-1.706975,-0.8929070655672411
395,00000009890,11,185.937771,061,1.126189,0.605680596224852
396,00000018975,11,119.889561,061,6.059615,5.054330793654336
397,00000010295,11,291.721955,061,4.553535,1.5609161127416689
398,00000010675,11,15.56509,061,0.859652,5.5229491124047465
399,00000016186,11,8.747082,061,0.336514,3.8471572577003386
400,00000145799,11,4.30096,061,0.676286,15.724070905100257
401,00000010398,11,174.887411,061,21.014501,12.01601697906089
402,00000021761,11,31.212513,061,0.06934,0.22215449297530127
403,00000011332,11,13.249099,061,-0.128927,-0.9731001330732001
404,00000024047,11,34.258338,061,1.960714,5.723319093880153
405,00000010621,11,117.488966,061,10.480562,8.920464922637928
406,00000011237,11,16.484977,061,0.211051,1.2802626294231407
407,00000012218,11,3.381277,061,0.110281,3.2615192425820188
408,00000011888,11,87.894765,061,8.633276,9.822286913219463
409,00000010850,11,177.7741,061,0.443805,0.24964547704080628
410,00000011072,11,12.262925,061,0.615687,5.020718955714074
411,00000010415,11,118.544735,061,-8.207847,-6.923839342169012
412,00000028114,11,74.270597,061,0.67701,0.9115451165688087
413,00000121956,11,49.678292,061,-0.517784,-1.0422741587009474
414,00000019407,11,362.375494,061,3.000477,0.8280021827303807
415,00000010866,11,87.7896,061,12.1593,13.850501653954456
416,00000010603,11,27.847963,061,0.323485,1.1616109946713158
417,00000026987,11,32.99289,061,1.174342,3.5593790055978722
418,00000118967,11,7.303439,061,0.391271,5.3573528854009735
419,00000014082,11,16.768014,061,0.505238,3.0131057858133943
420,00000015358,11,6.507614,061,0.125749,1.9323364907629739
421,00000015369,11,119.759914,061,1.881684,1.5712135531426652
422,00000019499,11,38.278375,061,3.866011,10.099726020239888
423,00000016130,11,18.517621,061,0.07799,0.4211664122513363
424,00000013454,11,7.284324,061,0.800185,10.98502757428143
425,00000145741,11,13.574529,061,0.774371,5.704588350726571
426,00000021407,11,7.294761,061,0.060668,0.8316653554516727
427,00000122510,11,657.90688,061,-33.675827,-5.118631226352276
428,00000020022,11,11.263658,061,0.324035,2.876818525562477
429,00000144486,11,3.909404,061,0.602997,15.424269274805061
430,00000028036,11,4.974069,061,0.073876,1.4852226617684636
431,00000110724,11,1.482189,061,-1.257147,-84.81691606131201
432,00000145743,11,31.637351,061,1.974488,6.241002920882978
433,00000010021,11,17.964252,061,0.092305,0.5138260140193981
434,00000012968,11,18.22773,061,1.659459,9.104035444896319
435,00000013892,11,14.816139,061,1.937745,13.078609751163917
436,00000010072,11,142.916654,061,9.93639,6.9525767094995095
437,00000028837,11,23.856001,061,0.623819,2.614935336396071
438,00000016567,11,3198.962517,061,190.781272,5.963848309761236
439,00000010172,11,38.292515,061,-0.548632,-1.4327395314724038
440,00000012060,11,84.83414,061,3.917087,4.617347449977096
441,00000112565,11,2.976639,061,0.898607,30.18864565034591
442,00000009839,11,215.037027,061,5.695714,2.6487131446436893
443,00000013527,11,478.51761,061,9.808365,2.049739611463829
444,00000010284,11,322.595605,061,12.283407,3.8076795869553157
445,00000016119,11,51.830559,061,7.967695,15.372581646283228
446,00000014932,11,225.369449,061,3.196521,1.4183470803977518
447,00000014160,11,322.257136,061,-15.841428,-4.91577260216202
448,00000010785,11,26.886546,061,0.66673,2.4797904498406007
449,00000016472,11,24.692699,061,0.280739,1.1369312038347854
450,00000108670,11,27.859437,061,1.536022,5.513471072656637
451,00000021777,11,86.686084,061,-2.802686,-3.2331440880407056
452,00000011565,11,6.259407,061,0.308446,4.927719191290804
453,00000019119,11,145.71217,061,3.032819,2.0813765933209285
454,00000013160,11,6.039053,061,0.140405,2.324950617257375
455,00000009875,11,32.582938,061,0.991674,3.0435376944829224
456,00000044876,11,20.439104,061,0.107201,0.524489723228572
457,00000011896,11,20.34143,061,0.862162,4.238453245420799
458,00000010392,11,50.803076,061,0.269378,0.5302395469124744
459,00000016452,11,332.943299,061,7.646771,2.296718697438028
460,00000025458,11,134.712408,061,-2.530464,-1.878419395487311
461,00000032901,11,60.780603,061,-24.985856,-41.10827265073365
462,00000010253,11,1137.096309,061,92.218915,8.110035559002064
463,00000012726,11,17.725087,061,1.292069,7.28949313478687
464,00000010531,11,20.074065,061,1.07878,5.3739987391691715
465,00000019224,11,339.083918,061,4.069186,1.2000527845735227
466,00000019204,11,716.689801,061,48.040614,6.703125108375863
467,00000009873,11,490.916666,061,65.212884,13.28390101956734
468,00000011885,11,40.839931,061,0.853049,2.0887620990348883
469,00000025879,11,66.197937,061,1.382402,2.0882856213479886
470,00000016218,11,76.654264,061,-0.175179,-0.22853131823169032
471,00000025402,11,75.647716,061,-1.393522,-1.8421203886710869
472,00000114743,11,24.581071,061,0.440911,1.7937013403525013
473,00000011979,11,25.259995,061,0.186448,0.7381157438867268
474,00000012680,11,17.258612,061,0.190486,1.1037156406320507
475,00000010481,11,13.929112,061,0.158447,1.1375240575278598
476,00000015273,11,23.752202,061,1.036371,4.363262825063545
477,00000016507,11,38.056812,061,1.247441,3.2778389319630867
478,00000012856,11,73.582577,061,4.372763,5.9426608557077305
479,00000010482,11,45.524898,061,3.68312,8.090342124434853
480,00000023736,11,23.0458,061,0.348648,1.5128483281118468
481,00000021681,11,64.599135,061,2.788448,4.316540771018063
482,00000018060,11,10.431806,061,1.956142,18.751709914850796
483,00000009967,11,30.059582,061,-2.535195,-8.43389971291018
484,00000019386,11,108.376689,061,1.305845,1.2049131709495202
485,00000024683,11,7.94128,061,0.628279,7.911558338202407
486,00000017269,11,21.59811,061,0.310785,1.4389453521627587
487,00000026904,11,97.842964,061,3.279335,3.351630884771643
488,00000013087,11,14.796987,061,-0.357064,-2.4130858532213346
489,00000010518,11,20.837432,061,0.502674,2.412360601824639
490,00000024875,11,15.89955,061,0.0196,0.12327392913635919
491,00000013872,11,1329.942776,061,26.850263,2.018903631384513
492,00000011307,11,416.672204,061,5.712337,1.370942660720416
493,00000016161,11,12.195628,061,0.090742,0.7440535247549368
494,00000012011,11,5.891115,061,1.209968,20.538862337605018
495,00000010407,11,18.962838,061,-0.026134,-0.13781692381699406
496,00000026625,11,23.205135,061,0.178729,0.7702131446337201
497,00000112441,11,70.528726,061,6.704875,9.50658742935467
498,00000011943,11,34.371928,061,2.257809,6.568758668411036
499,00000027153,11,9.210417,061,1.501419,16.301314044738692
500,00000028003,11,17.909393,061,0.047464,0.2650229407551668
501,00000110818,11,5.321712,061,-0.043971,-0.8262566632692638
502,00000013632,11,32.231492,061,0.529751,1.64358199738318
503,00000025472,11,41.649878,061,9.261378,22.23626681451504
504,00000019323,11,4.285744,061,0.294153,6.86352241291127
505,00000039005,11,6.811542,061,0.339399,4.982704356810837
506,00000010502,11,19.506396,061,0.033577,0.17213328387263338
507,00000110127,11,15.518131,061,0.741469,4.778081845036622
508,00000030358,11,9.899114,061,0.24073,2.4318337984591345
509,00000028106,11,71.725358,061,1.060821,1.4790041201327988
510,00000028688,11,48.922383,061,2.141901,4.3781616279812035
511,00000012273,11,26.246044,061,0.311984,1.1886896173762413
512,00000013729,11,14.448255,061,0.783205,5.42075842376813
513,00000012149,11,21.833014,061,1.94015,8.88631317691639
514,00000014853,11,7.9413,061,2.126945,26.78333522219284
515,00000015701,11,38.491628,061,-2.355545,-6.119629442537479
516,00000021657,11,27.342603,061,0.966916,3.536298281476712
517,00000030947,11,11.439914,061,0.229409,2.0053385016705545
518,00000017912,11,11.855623,061,-0.039819,-0.335865943105647
519,00000032379,11,100.577866,061,3.246314,3.227662436186506
520,00000011423,11,50.175843,061,1.432612,2.8551827220919836
521,00000015513,11,15.308533,061,0.323138,2.110835832538624
522,00000010483,11,9.602746,061,0.626602,6.5252376768061975
523,00000018049,11,8.349184,061,0.220657,2.642857074415895
524,00000019233,11,991.648756,061,29.264492,2.9510945103227657
525,00000010353,11,244.670573,061,8.442272,3.4504648010940007
526,00000027449,11,6.782119,061,0.448345,6.610692027078853
527,00000009978,11,377.893039,061,16.933963,4.481152403550889
528,00000024925,11,8.13475,061,0.158681,1.950656135714066
529,00000025418,11,36.249118,061,0.916737,2.528991188144219
530,00000121411,11,47.103753,061,-8.635455,-18.332838574454993
531,00000009991,11,72.883979,061,-0.51617,-0.70820776675763
532,00000010280,11,218.08472,061,3.172309,1.4546223137503624
533,00000027145,11,16.793423,061,-0.351861,-2.0952309722681313
534,00000010873,11,95.478401,061,1.533968,1.6066125782730694
535,00000027458,11,10.063635,061,0.727383,7.22783566772841
536,00000116162,11,8.678653,061,0.386904,4.458111183843852
537,00000121591,11,3.023909,061,0.495068,16.37178896587166
538,00000010521,11,7.000014,061,0.472916,6.755929345284166
539,00000012141,11,15.392844,061,-0.592541,-3.8494575791192323
540,00000027531,11,22.723092,061,0.489534,2.1543458962363045
541,00000026079,11,7.520802,061,0.622275,8.27405109189153
542,00000010016,11,10.141296,061,0.150782,1.4868119419845351
543,00000021705,11,4.156833,061,0.012019,0.28913838973083594
544,00000027134,11,58.737599,061,3.772013,6.421803179254909
545,00000016441,11,11.521354,061,0.613745,5.327021459456935
546,00000145795,11,7.15633,061,2.552986,35.67451473031568
547,00000011624,11,15.995421,061,0.03213,0.20086998647925552
548,00000047742,11,103.291149,061,57.657979,55.82083223800714
549,00000015689,11,48.741277,061,2.948299,6.048875165909174
550,00000016199,11,37.636865,061,0.730444,1.940767383255752
551,00000110589,11,8.932616,061,0.571489,6.397778657450405
552,00000025907,11,16.453658,061,1.333382,8.10386359069819
553,00000033307,11,16.53695,061,0.349344,2.112505631328631
554,00000015359,11,25.159072,061,0.480775,1.910940912288021
555,00000115234,11,4.616843,061,0.659714,14.289288156430704
556,00000009931,11,46.457244,061,-1.096387,-2.359991479477345
557,00000010034,11,107.829705,061,24.281009,22.517922125447715
558,00000012944,11,88.668892,061,-1.163765,-1.312483976905903
559,00000030191,11,19.687389,061,0.411082,2.0880473281652536
560,00000016443,11,158.628926,061,4.589247,2.8930707127147794
561,00000010225,11,60.911649,061,2.309322,3.7912649516351133
562,00000010650,11,19.316532,061,0.160928,0.8331102083955858
563,00000024999,11,12.45378,061,1.74249,13.991655545545209
564,00000027981,11,6.088038,061,0.900808,14.79635968106638
565,00000015686,11,11.419094,061,0.198919,1.7419858353035715
566,00000017759,11,11.405924,061,1.200402,10.524373124001176
567,00000048334,11,6.570399,061,0.721495,10.980992174143458
568,00000016952,11,8.081204,061,0.460649,5.700252091148794
569,00000026144,11,36.276211,061,-5.40902,-14.910653155038709
570,00000010039,11,174.683286,061,0.248861,0.14246411645817103
571,00000010474,11,23.346753,061,-0.869969,-3.726295472436788
572,00000010865,11,34.11091,061,3.724394,10.918483265324792
573,00000012236,11,313.100495,061,-5.748422,-1.8359670750440684
574,00000047748,11,10.53458,061,0.403778,3.832881804495291
575,00000010837,11,35.226557,061,-6.079365,-17.257902894114803
576,00000018197,11,43.476535,061,0.196927,0.4529500798534198
577,00000019456,11,60.858833,061,4.631003,7.609418011679586
578,00000024525,11,98.074421,061,8.157652,8.317818159742183
579,00000031143,11,25.690517,061,0.786217,3.0603393462264696
580,00000145744,11,13.69353,061,0.931587,6.803117968850983
581,00000117423,11,16.105117,061,2.060802,12.795945537061296
582,00000026811,11,8.903155,061,0.864549,9.71059135778272
583,00000122538,11,5.412144,061,0.661159,12.216212281121864
584,00000120438,11,20.530442,061,0.311637,1.5179264041173588
585,00000109856,11,12.257765,061,1.363235,11.121399374192604
586,00000011376,11,10.23807,061,0.024654,0.24080710524542223
587,00000016294,11,5.202395,061,0.245208,4.713367593195057
588,00000018192,11,21.100122,061,3.506938,16.620463142345812
589,00000010085,11,83.325591,061,1.220303,1.464499663734758
590,00000024677,11,148.928155,061,28.63049,19.224363586589792
591,00000025552,11,20.671213,061,1.225115,5.926672034195573
592,00000121578,11,51.851741,061,1.313784,2.5337317024707042
593,00000014910,11,40.459373,061,2.184946,5.400345675154186
594,00000026187,11,36.840844,061,0.884616,2.401182774205716
595,00000027110,11,9.070694,061,0.163655,1.8042169650966067
596,00000026511,11,9.38544,061,0.123936,1.3205134761929118
597,00000013423,11,17.323873,061,0.19806,1.1432778340039784
598,00000108669,11,36.138535,061,0.917596,2.5391068010919646
599,00000114993,11,17.341644,061,0.603603,3.480656159243034
600,00000017423,11,14.006415,061,0.574815,4.1039409442030665
601,00000016489,11,37.812476,061,1.307117,3.4568405412012697
602,00000016256,11,21.903453,061,-0.224618,-1.0254912775624923
603,00000010685,11,17.193735,061,5.113738,29.741868186289942
604,00000011430,11,199.034706,061,-1.678373,-0.8432564519677286
605,00000010563,11,8.81936,061,0.906603,10.279691496888663
606,00000119256,11,4.627726,061,0.063211,1.365919244138482
607,00000031549,11,2.513945,061,-0.00236,-0.09387635767687838
608,00000024560,11,2.63375,061,-0.283896,-10.779155196962504
609,00000145797,11,1.699023,061,0.443065,26.077634028497553
610,00000027313,11,5.547735,061,0.191642,3.454418785324101
611,00000015449,11,4.844774,061,0.183741,3.7925608088220417
612,00000019573,11,18.021344,061,0.630066,3.496220925586904
613,00000028235,11,17.617431,061,-1.628644,-9.244503355795745
614,00000010246,11,108.858482,061,-3.976216,-3.652646929248931
615,00000013141,11,19.013788,061,0.417944,2.1981101293440317
616,00000013758,11,34.751437,061,6.575045,18.92021040741423
617,00000017951,11,45.599689,061,0.4273,0.9370677944755281
618,00000015654,11,1090.488773,061,-9.088382,-0.833422793982309
619,00000015534,11,8.715583,061,0.692499,7.945526994579708
620,00000016302,11,129.467737,061,3.136341,2.4224884690770487
621,00000019115,11,31.758484,061,0.640265,2.0160439648189756
622,00000010756,11,155.348569,061,-27.165397,-17.486737840501124
623,00000011460,11,136.17072,061,5.475129,4.020782881958765
624,00000011636,11,83.109036,061,6.58684,7.925540130197153
625,00000018108,11,220.062314,061,3.323804,1.5103921882780893
626,00000024858,11,53.165419,061,2.686402,5.05291230752832
627,00000014599,11,10.542621,061,0.556177,5.275509761756588
628,00000010013,11,55.351284,061,0.375514,0.6784196731551883
629,00000021171,11,21.644519,061,1.913064,8.838560930829649
630,00000020650,11,40.331765,061,3.179028,7.882194096886165
631,00000022863,11,39.221525,061,-1.898456,-4.840342133560589
632,00000009838,11,843.311137,061,0.415075,0.04921967489681095
633,00000019555,11,12.108039,061,0.099387,0.8208348189165892
634,00000025976,11,9.625946,061,0.443222,4.604451344314626
635,00000124984,11,12.046837,061,0.290803,2.4139365378646693
636,00000010109,11,132.928493,061,1.23023,0.9254825449649834
637,00000018008,11,308.545079,061,-6.280811,-2.0356218353428996
638,00000010525,11,211.529342,061,14.282963,6.752237238084918
639,00000028017,11,116.412416,061,-0.753541,-0.6473029474794166
640,00000010818,11,16.434062,061,0.564137,3.432730143040716
641,00000011136,11,269.355412,061,-9.253479,-3.4354160294354883
642,00000018420,11,5.760126,061,0.475326,8.252006987347153
643,00000018010,11,20.352855,061,1.309365,6.433323482135552
644,00000011640,11,8.836649,061,0.294338,3.3308780285377413
645,00000016269,11,85.78333,061,0.400705,0.4671128994409519
646,00000021758,11,35.605145,061,1.685492,4.733843943059353
647,00000017802,11,239.204778,061,-8.601168,-3.5957341955769793
648,00000122505,11,231.219562,061,-2.156484,-0.9326563813835095
649,00000009964,11,774.162064,061,-0.780804,-0.10085795162393801
650,00000012693,11,5.570682,061,0.331549,5.951677011899081
651,00000014343,11,41.55335,061,0.006663,0.016034808264556284
652,00000015609,11,16.162749,061,-0.817057,-5.055185847407516
653,00000017265,11,67.903901,061,3.096317,4.5598514288597345
654,00000018096,11,16.639124,061,0.813698,4.890269463704941
655,00000018219,11,13.658908,061,0.172914,1.2659430753907999
656,00000016926,11,25.476352,061,1.525245,5.986905032557252
657,00000021405,11,34.683921,061,0.281048,0.8103120751543634
658,00000017857,11,7.734737,061,0.297325,3.8440221044361302
659,00000019414,11,70.874244,061,2.980858,4.205840982233264
660,00000028250,11,5.606381,061,0.473238,8.441060284700594
661,00000023635,11,13.191996,061,0.264501,2.0050112204400303
662,00000025651,11,125.189141,061,8.72631,6.97050074015605
663,00000048544,11,0.588763,061,-0.111466,-18.93223589118202
664,00000121775,11,5.208632,061,0.464458,8.917082258834949
665,00000010383,11,172.942545,061,7.040298,4.070888398224971
666,00000010455,11,31.026708,061,0.090578,0.29193558014598264
667,00000109744,11,25.306051,061,0.905365,3.5776621172540906
668,00000110829,11,61.933049,061,2.041457,3.296232032755242
669,00000015656,11,18.860893,061,1.318835,6.992431376393471
670,00000025704,11,7.33768,061,0.689206,9.392696329084943
671,00000121935,11,4.670214,061,0.098837,2.116327003430678
672,00000009919,11,126.714173,061,0.16004,0.1262999996062003
673,00000024615,11,36.855718,061,2.728101,7.402110576166226
674,00000013401,11,13.498835,061,0.551494,4.0854933036813925
675,00000014177,11,13.130662,061,1.651458,12.577111496739466
676,00000113875,11,9.806601,061,0.910087,9.28035106149419
677,00000028251,11,11.411201,061,0.470766,4.125472857764928
678,00000009857,11,64.720218,061,2.399084,3.706854015850194
679,00000013450,11,98.719775,061,3.509424,3.554935168764313
680,00000010020,11,58.164975,061,1.317642,2.265352989492388
681,00000022426,11,27.646267,061,0.092746,0.3354738634333525
682,00000047826,11,13.683971,061,3.243337,23.70172371747938
683,00000013152,11,34.196711,061,-0.644489,-1.884652006445883
684,00000011363,11,9.018723,061,0.037549,0.4163449747819065
685,00000135376,11,13.453043,061,4.369841,32.48217522236419
686,00000010453,11,13.512752,061,1.427106,10.56117954358964
687,00000023134,11,21.422327,061,2.525033,11.786922121018879
688,00000016321,11,248.253195,061,7.185614,2.894469897960427
689,00000018152,11,14.406604,061,0.078508,0.5449445268295012
690,00000028332,11,13.495039,061,1.374594,10.185920915085907
691,00000012988,11,7.198101,061,0.060924,0.84638990200332
692,00000018116,11,14.487777,061,0.180403,1.2452082883385078
693,00000024714,11,6.478914,061,0.014647,0.22607183858282423
694,00000028872,11,8.190622,061,0.421034,5.140439883564399
695,00000113173,11,19.776964,061,0.460107,2.3264794333447743
696,00000111042,11,7.35893,061,0.242471,3.294921951968561
697,00000028769,11,44.997027,061,1.544583,3.4326334493165516
698,00000120715,11,13.203712,061,-7.317886,-55.422944699187624
699,00000009955,11,23.501854,061,0.930839,3.960704546968932
700,00000032887,11,1210.847479,061,63.091304,5.21050793714375
701,00000010161,11,66.510729,061,9.621811,14.466554711796947
702,00000014632,11,45.261644,061,3.312903,7.319449112365428
703,00000029153,11,18.11057,061,1.606037,8.867953907579938
704,00000016406,11,15.926059,061,0.502365,3.15435852648794
705,00000120743,11,6.319429,061,1.264818,20.014751332754905
706,00000011604,11,3.846148,061,0.015921,0.4139466291988764
707,00000017295,11,22.776236,061,1.512925,6.642559376360518
708,00000033560,11,23.963314,061,0.40535,1.6915439992982606
709,00000012436,11,54.468459,061,5.958593,10.939529242051806
710,00000021619,11,55.320344,061,-1.591862,-2.87753452870792
711,00000026675,11,14.997466,061,1.950816,13.007637423548754
712,00000028327,11,10.731324,061,0.153049,1.4261893499814189
713,00000030807,11,11.004418,061,-0.29177,-2.651389650956552
714,00000012879,11,14.217495,061,1.885325,13.260599001441534
715,00000145792,11,7.769621,061,-0.493841,-6.356050057010503
716,00000017112,11,32.361828,061,0.330205,1.0203533619917886
717,00000110598,11,10.30197,061,-2.533911,-24.596373315006737
718,00000018081,11,13.173023,061,-0.138127,-1.0485596206732501
719,00000020064,11,23.827083,061,0.070925,0.297665475878856
720,00000145798,11,2.216882,061,1.001148,45.1601844392259
721,00000020329,11,6.078516,061,0.378991,6.234926419540559
722,00000010335,11,274.180653,061,10.578486,3.8582175234661795
723,00000047949,11,22.385402,061,1.361815,6.083495842513796
724,00000010334,11,47.397126,061,3.982521,8.402452503132785
725,00000013876,11,10.788315,061,0.973641,9.024958948640265
726,00000011045,11,2.315611,061,0.065213,2.816232951044022
727,00000032611,11,7.298597,061,0.493674,6.763957511286073
728,00000145745,11,23.140229,061,-4.765451,-20.593793605067603
729,00000048583,11,3.560293,061,0.12,3.370509112592699
730,00000117361,11,10.721487,061,0.15516,1.4471873164608602
731,00000028302,11,107.354144,061,-1.803333,-1.6797982199923276
732,00000108875,11,14.959432,061,1.912169,12.782363661935827
733,00000047743,11,130.31993,061,16.816428,12.903957207466272
734,00000010019,11,235.575399,061,17.646937,7.490993149076658
735,00000010201,11,70.350069,061,-2.609377,-3.7091321118675804
736,00000010752,11,23.050041,061,1.571378,6.817246008369356
737,00000018061,11,17.553814,061,0.862487,4.913388053445251
738,00000048330,11,7.365044,061,0.240249,3.2620171719272824
739,00000026101,11,7.008875,061,0.039385,0.5619304096591822
740,00000027651,11,6.929602,061,-0.715479,-10.324965272175804
741,00000009917,11,144.044527,061,1.873196,1.3004284432132573
742,00000012395,11,43.331455,061,5.543538,12.793334541847257
743,00000145796,11,2.930557,061,0.561507,19.160418992020972
744,00000120288,11,7.569671,061,0.114452,1.5119811680058488
745,00000019132,11,113.649723,061,0.946784,0.8330719820584165
746,00000122396,11,22.645321,061,1.642887,7.254862936144733
747,00000021743,11,27.89463,061,3.446456,12.355266945645093
748,00000017093,11,38.480138,061,0.855434,2.2230533580726766
749,00000110779,11,24.63402,061,0.258615,1.0498286515964508
750,00000021820,11,21.429777,061,-0.023639,-0.11030912734182907
751,00000009850,11,137.632136,061,7.502684,5.451258854254794
752,00000010517,11,38.240806,061,2.192084,5.732316416134116
753,00000108377,11,4.276922,061,0.349126,8.163020041048211
754,00000013241,11,7.695075,061,0.44307,5.757838617557334
755,00000025303,11,4.705457,061,0.452368,9.613688957310629
756,00000028691,11,4.346301,061,0.004772,0.10979451262119212
757,00000016806,11,212.883831,061,9.293411,4.365484666611436
758,00000025082,11,32.818194,061,-0.640832,-1.952672959395633
759,00000028838,11,13.84872,061,1.166136,8.420532727934424
760,00000010821,11,15.730798,061,0.73412,4.666768971288042
761,00000009939,11,53.490425,061,-1.464491,-2.7378563546653445
762,00000010317,11,17.603939,061,3.32637,18.89560058121083
763,00000017054,11,611.532128,061,37.860708,6.191123289600903
764,00000016480,11,123.644582,061,2.026263,1.6387802580787567
765,00000021543,11,114.15075,061,1.99348,1.7463573388698714
766,00000030909,11,12.60672,061,0.839471,6.658916831658036
767,00000021424,11,30.155816,061,1.023177,3.3929673798248405
768,00000021513,11,42.500181,061,1.350563,3.177781760505914
769,00000014919,11,70.996245,061,0.030732,0.04328679636507536
770,00000025565,11,26.298587,061,0.115546,0.4393620083086593
771,00000048402,11,12.81814,061,1.259496,9.825887375235407
772,00000024949,11,41.312489,061,-1.419598,-3.4362441827215977
773,00000028060,11,42.00368,061,-1.184004,-2.8188101613953824
774,00000013182,11,26.398395,061,0.720286,2.7285219423377822
775,00000015431,11,14.071986,061,0.503745,3.579771895736678
776,00000014698,11,12.408036,061,-0.179433,-1.4461031544395908
777,00000016316,11,8.394976,061,0.333449,3.972006590608478
778,00000016451,11,477.5486,061,31.533864,6.603278493539714
779,00000118369,11,10.822469,061,0.474931,4.388379398453347
780,00000017151,11,6.466491,061,0.60105,9.294840122718796
781,00000011417,11,35.621609,061,-0.651418,-1.8287158224660771
782,00000027130,11,80.216626,061,10.061844,12.543339830822603
783,00000010132,11,344.524902,061,14.987124,4.350084395350906
784,00000013012,11,4.453185,061,1.005878,22.587833202528078
785,00000010448,11,5.29965,061,0.048795,0.9207211797005463
786,00000016868,11,230.766045,061,-15.668753,-6.789886701052575
787,00000013052,11,4.514111,061,0.593825,13.15486039222341
788,00000010296,11,12.29091,061,0.353187,2.873562657280868
789,00000027614,11,15.463417,061,0.022257,0.14393325873576326
790,00000013003,11,10.418923,061,-0.23982,-2.30177341746359
791,00000015003,11,136.940782,061,24.738538,18.065135629209415
792,00000024968,11,7.594646,061,0.571802,7.529014518912403
793,00000017891,11,75.94015,061,19.730934,25.98221625846143
794,00000026045,11,93.641579,061,3.72688,3.979941431786408
795,00000113965,11,52.761917,061,-9.919276,-18.800067480489766
796,00000012360,11,20.650059,061,3.548602,17.184464218722088
797,00000027659,11,31.843599,061,3.610197,11.337276920237564
798,00000047282,11,4.758613,061,0.900474,18.923034926353537
799,00000026363,11,32.624748,061,4.561509,13.981744778534383
800,00000019244,11,65.270032,061,3.917993,6.002744107739981
801,00000110828,11,101.238075,061,0.419241,0.4141139586069767
802,00000013651,11,215.124533,061,1.653751,0.7687412388246764
803,00000015565,11,262.843056,061,12.767199,4.857346887642335
804,00000017232,11,85.971197,061,2.832021,3.2941509468572363
805,00000119707,11,6.621062,061,0.938017,14.167168348521733
806,00000010289,11,6.050905,061,0.369224,6.101963260041266
807,00000011519,11,93.664033,061,5.05789,5.400034397408449
808,00000010339,11,427.981831,061,29.501273,6.893113413499089
809,00000011420,11,36.708584,061,-0.145665,-0.39681454343213013
810,00000017138,11,85.737861,061,0.893119,1.0416856562353476
811,00000025125,11,13.972162,061,4.193214,30.01120370634122
812,00000026017,11,9.152039,061,-0.252543,-2.7594178739841473
813,00000028024,11,25.902406,061,-0.419597,-1.6199151538277952
814,00000033670,11,257.586708,061,5.4278,2.107173946258128
815,00000010793,11,26.759076,061,0.161065,0.6019079283604561
816,00000011648,11,28.819202,061,0.865043,3.0016202391724796
817,00000015276,11,26.569295,061,0.944552,3.5550510467063576
818,00000015632,11,84.216155,061,2.656863,3.154813942764307
819,00000019195,11,37.844459,061,0.841967,2.2248091854080934
820,00000021380,11,23.510359,061,1.111719,4.728634726505026
821,00000109173,11,16.412098,061,2.971789,18.107307182786744
822,00000026479,11,13.600226,061,1.193455,8.775258587614648
823,00000010321,11,295.676294,061,15.910258,5.380971800194438
824,00000019246,11,37.037848,061,0.36525,0.9861534071849963
825,00000024705,11,13.452925,061,1.208658,8.984350986867168
826,00000025059,11,30.468168,061,0.811742,2.664229762682154
827,00000012263,11,14.502382,061,0.226936,1.5648188001115955
828,00000120566,11,2.89735,061,-0.024825,-0.8568174366231212
829,00000014473,11,19.435681,061,0.011951,0.06148999872965604
830,00000120326,11,27.125574,061,1.008343,3.717314885207591
831,00000019281,11,7.558998,061,0.264569,3.5000538431151855
832,00000013890,11,3.653241,061,0.180798,4.948975443996166
833,00000013886,11,17.272206,061,0.209679,1.213967688898569
834,00000109116,11,2.968057,061,0.659904,22.233535272402115
835,00000013595,11,12.623863,061,0.003696,0.029277884273617355
836,00000048566,11,18.382741,061,0.612344,3.331081039546823
837,00000145794,11,5.804285,061,2.094025,36.077225704802565
838,00000016375,11,10.077662,061,0.6897,6.843849297585095
839,00000013759,11,7.741159,061,-0.117641,-1.519682001106036
840,00000017061,11,7.723469,061,0.255115,3.3031141835359215
841,00000033329,11,6.759145,061,0.151678,2.244041221189958
